id,begin,end
0024b5eb-72fa-459b-a61a-56890236bbb7,2022-05-26T11:15:36.243Z,2022-09-20T06:08:21.839Z
04920522-bc53-406a-b1cf-4d0324d28241,2022-05-08T21:46:00.788Z,2022-10-18T22:24:27.049Z
08530428-2c0e-45a2-b570-15599ec3a894,2022-04-13T12:40:03.961Z,2022-10-22T04:35:07.933Z
0989afd8-0188-44fd-b735-3cc9fe12066d,2022-05-11T10:04:05.603Z,2022-09-06T04:19:56.058Z
0cbf784c-ade6-406c-9fc0-6b1bf4e8c9b1,2021-04-08T22:13:37.594Z,2021-08-25T05:41:57.400Z
0e4d59ba-43c7-4451-a8ac-ca628bcde417,2022-02-15T11:28:26.735Z,2022-08-28T03:37:48.568Z
0e4d59ba-43c7-4451-a8ac-ca628bcde417,2020-10-29T20:23:43.559Z,2023-05-29T00:59:55.313Z
0f502d48-5afe-4307-ad7d-0ad4de67cc9a,2021-09-10T17:52:23.515Z,2022-09-13T01:05:46.570Z
111183e7-fb90-436b-9951-63392b36bdd2,2022-01-01T00:00:00.000Z,2022-09-15T19:45:10.341Z
111183e7-fb90-436b-9951-63392b36bdd2,2022-02-18T01:01:20.142Z,2022-08-15T14:34:50.366Z
111183e7-fb90-436b-9951-63392b36bdd2,2021-02-14T07:16:56.370Z,2022-01-08T18:41:01.238Z
15a5153f-7673-4eef-b605-7d7fccd838d1,2021-03-31T20:18:02.307Z,2021-10-15T10:38:24.163Z
15e7d3dc-c920-4a08-90e0-ae8f08f098a0,2022-08-29T07:50:06.684Z,2022-12-07T07:54:19.320Z
1607b9a6-0986-4cbc-aad3-018e5ee64533,2021-09-15T19:32:18.564Z,2022-05-03T16:18:38.585Z
1647976e-fc35-44fa-9992-7f4ec0ed54c0,2022-01-22T07:57:25.578Z,2022-02-03T08:40:04.797Z
18aa7dd3-ee6e-4683-b7ed-17e16b641ea0,2022-07-06T04:07:04.651Z,2022-11-14T11:41:59.572Z
1a7244c4-d393-4e9b-b04a-2b48d8ef5875,2021-06-26T22:53:27.525Z,2022-05-07T11:54:53.097Z
1ee50146-f5b9-4a43-af1b-e8f3a3638c65,2022-11-29T21:40:04.724Z,2022-12-09T22:36:36.824Z
1f38f091-c825-450d-ab19-976ec7eb373c,2021-11-02T07:25:06.537Z,2022-01-04T11:50:55.633Z
1fef1aa4-57c7-4229-ac36-f013fbc4cd29,2022-03-03T04:20:22.044Z,2022-07-11T20:37:06.067Z
20f6e664-f00e-4621-9ca4-5ec588aadeaf,2022-02-15T11:28:26.965Z,2023-12-24T14:20:37.532Z
20f6e664-f00e-4621-9ca4-5ec588aadeaf,2020-09-28T16:01:01.523Z,2022-02-07T13:25:05.077Z
21dccba6-1c2c-4220-9e02-83bc82f76f2b,2021-07-23T03:05:09.984Z,2022-09-21T12:39:01.181Z
248e4f8e-c6fc-4b59-91b9-43d713035a04,2021-06-15T20:40:33.672Z,2022-04-08T20:59:19.097Z
2e4310ff-8bb5-4310-b107-31d7bb478e20,2022-05-04T15:40:35.767Z,2022-05-18T22:50:12.750Z
317b9ce0-a597-4ee3-9939-45bdab712c28,2021-06-11T22:49:53.719Z,2022-04-16T05:15:20.968Z
329c4f3e-19de-437b-bdae-afde192110b4,2021-05-04T12:44:17.621Z,2022-08-11T00:37:49.347Z
39d54543-954a-409d-97d7-befe3d749bac,2021-02-28T07:05:57.570Z,2021-10-10T09:56:34.387Z
3b4d3758-25d1-40dd-a875-8e7dffcb9943,2021-10-07T06:54:48.231Z,2022-03-31T01:41:37.768Z
3bc03790-8066-4a12-bdfb-10e7d54bec7d,2021-12-06T15:34:17.897Z,2022-05-15T23:53:54.575Z
3fd765f1-3a6f-4a28-99a1-cc5ba8f28a2c,2022-04-20T04:27:45.769Z,2022-08-13T22:57:23.829Z
436cedbf-3614-41ba-a3d0-7aacf1a97d3b,2021-09-11T16:25:24.022Z,2021-10-11T08:07:02.247Z
46205691-fa94-4bad-9c75-b7a1034b5b94,2022-02-08T12:02:55.922Z,2022-10-01T19:21:26.091Z
51103628-830a-43df-87bf-1111c8c260b2,2022-09-19T16:30:22.354Z,2022-12-25T13:18:04.589Z
546fd1ae-7994-494e-b8bb-acafc53faf0e,2021-11-16T20:05:38.285Z,2022-09-23T08:27:49.508Z
62fb0f79-fddc-4604-8258-972221ff6009,2021-01-18T10:26:10.108Z,2022-08-21T07:34:11.282Z
630127f2-fcd9-440a-b27a-39c6dca6b9f0,2022-09-30T03:55:46.558Z,2022-11-11T16:45:43.124Z
63534c70-2249-43b8-ad1e-fa0b16f0ae02,2021-08-28T15:47:01.212Z,2021-10-17T04:00:53.975Z
65a6f980-9947-44ab-a6ce-2f183a99a565,2022-11-23T23:53:30.278Z,2022-12-16T07:43:56.533Z
6973f23e-8d10-4e1a-9272-41de7e7f5034,2022-10-08T17:03:09.548Z,2022-10-14T15:56:57.425Z
69dba78a-ae5d-4cf1-bb21-307ff918a9b9,2022-10-10T12:18:15.008Z,2022-10-12T21:06:17.071Z
6b93326b-e1d0-4c19-8ddd-91eb79033a90,2022-03-04T04:23:48.138Z,2022-12-14T01:45:48.823Z
6c22a0e4-fb6d-4563-9144-7bf0f5447aa1,2022-09-21T21:28:19.182Z,2022-11-15T15:18:19.932Z
6cec3650-df19-464f-8d90-9310cf335f48,2022-07-05T14:09:22.713Z,2022-10-30T09:00:32.262Z
70656668-571e-49fa-be2e-099c67d136ab,2022-04-08T16:29:22.128Z,2022-06-09T22:10:59.718Z
70656668-571e-49fa-be2e-099c67d136ab,2020-07-30T15:05:21.037Z,2023-03-03T21:40:14.145Z
7141eaeb-46fe-4692-b1d1-a9e201c2ac73,2022-04-29T15:49:51.196Z,2022-05-05T22:00:39.527Z
73926bfd-1a8f-45db-80ec-ee933829c8b6,2022-02-06T08:45:46.330Z,2022-06-11T15:48:46.971Z
75e96db4-bba2-4035-8f43-df2cbd3da859,2023-05-11T14:35:15.359Z,2023-12-27T11:19:19.393Z
75e96db4-bba2-4035-8f43-df2cbd3da859,2021-03-13T23:13:48.815Z,2021-04-15T22:11:23.977Z
789bbd16-3103-470b-8ce9-00d4b0f87208,2022-06-12T03:48:02.620Z,2022-09-12T03:11:23.727Z
7cb3d978-aed0-48c0-9e32-c86dd3edd658,2022-12-08T07:31:34.937Z,2022-12-13T15:13:03.041Z
82d5092e-6b9d-4ec3-90a0-f92a2bd51bce,2021-05-12T21:10:59.600Z,2022-03-21T01:45:41.087Z
850a294a-c379-4e30-ba56-b3bc80037f04,2021-03-06T19:12:25.007Z,2021-03-16T19:42:42.755Z
86b5c819-6a6c-4978-8c51-a2d810bb9318,2022-02-16T07:01:50.149Z,2022-10-03T07:46:31.410Z
86b5c819-6a6c-4978-8c51-a2d810bb9318,2022-05-09T04:47:25.211Z,2022-12-02T18:37:16.039Z
86b5c819-6a6c-4978-8c51-a2d810bb9318,2021-10-24T02:46:52.779Z,2023-04-25T00:04:34.178Z
86d52d8a-f6a3-4878-b7b0-09518cdb5bc7,2021-12-31T15:28:40.283Z,2022-01-11T07:16:25.301Z
881b6f14-9234-45df-8627-bb6760778189,2021-04-13T17:48:43.829Z,2022-09-17T11:31:28.925Z
8fab24fc-e3b4-42f3-a87d-56006344eff6,2022-07-16T21:55:15.897Z,2022-08-02T11:14:32.299Z
945709b8-6a61-436e-be88-51d60e86ff59,2021-05-17T12:38:20.387Z,2021-10-07T16:12:09.769Z
984fe666-9b73-49f2-a4d8-3f3a0c040f38,2021-05-29T21:50:06.558Z,2022-11-01T16:27:52.682Z
9884aef0-cfc4-4351-b8ec-bb5d6592ead3,2022-02-20T22:51:07.060Z,2022-06-22T15:40:02.766Z
9b2594eb-5cc2-448d-9a28-9d9360341441,2022-09-30T04:10:31.340Z,2022-12-13T22:45:29.847Z
9ed11921-1c5b-40f4-be66-adb4e2f016bd,2022-01-12T08:11:21.333Z,2022-12-13T07:20:57.984Z
9ed11921-1c5b-40f4-be66-adb4e2f016bd,2021-12-31T23:59:59.999Z,2022-07-17T11:36:59.310Z
a1dc20ea-9034-466d-986d-10c32b9220a0,2022-07-10T17:52:26.272Z,2022-12-14T06:47:49.342Z
a79fe094-087b-4b1e-ae20-ac4bf7fa429b,2022-02-23T11:33:58.552Z,2022-12-16T00:52:16.126Z
a79fe094-087b-4b1e-ae20-ac4bf7fa429b,2020-03-03T23:14:30.832Z,2023-12-15T15:12:32.953Z
a862eecb-2daf-414b-8bba-cea79df8c80b,2021-04-06T10:43:43.641Z,2022-10-18T14:00:09.320Z
abf83539-49a2-4957-9590-9ca1d08f7a0f,2022-08-03T18:24:50.330Z,2022-09-13T04:56:24.985Z
aec36dc8-ea76-48f9-9b80-027e04967ec8,2022-02-24T08:09:26.216Z,2022-11-14T08:47:26.857Z
b09b9eae-dbda-4b76-869c-38ba52ea93e3,2022-11-30T10:12:09.946Z,2022-12-02T22:33:28.830Z
b1e453f2-9392-4a7b-bbb5-874de0bf9f5e,2022-09-12T07:22:52.710Z,2022-11-15T13:57:53.029Z
b3261f4d-3d20-4716-a445-d990ac1a99f2,2022-02-21T05:53:19.460Z,2022-07-06T21:42:34.812Z
b36ad919-d40e-475e-a9a6-5900a7357a05,2022-10-10T16:43:38.431Z,2022-12-31T04:03:08.363Z
b88803b1-a7dd-41d0-ace4-95bf5712ea79,2022-12-23T23:40:21.209Z,2022-12-30T23:42:10.942Z
bcb38142-ca61-4fbe-8c4d-7c03c9a2dc37,2021-01-19T15:41:49.157Z,2021-07-04T10:19:02.248Z
bcf7b0a8-1885-4da0-8512-7959d2e4eff9,2021-11-12T06:19:09.469Z,2022-03-31T04:52:36.175Z
c04baa5a-2b1b-451c-ac43-23a47eb1abd4,2021-10-30T19:19:17.199Z,2021-12-05T08:28:47.086Z
c08cf05a-d1ca-4300-a683-8d6d45ed51e7,2022-06-12T09:59:28.943Z,2022-09-23T05:16:22.236Z
c1d4164e-eefc-440c-9219-b3e3aab7c934,2022-09-06T08:51:45.395Z,2022-11-20T02:41:22.105Z
c3ead022-2eca-4eb3-bcf4-0758931b289e,2022-08-14T07:22:35.696Z,2022-11-22T04:21:08.848Z
c8f1f028-f92b-4c1e-833d-3273786cca10,2022-09-18T06:29:27.238Z,2022-11-25T22:18:52.679Z
d03194a9-3356-413a-a510-67c24c3d4abd,2021-11-17T01:43:03.712Z,2022-08-10T17:15:59.676Z
d050e1c9-8527-4010-96a6-ed3c6cb967b8,2022-03-06T00:37:15.874Z,2022-11-10T14:19:02.970Z
d34178c6-ed0d-4d76-8102-4f42e0a88021,2021-12-17T21:58:47.570Z,2022-09-06T11:21:00.450Z
daf9e53e-1636-44f8-977d-1901d29be0a7,2021-07-19T18:42:01.445Z,2021-12-19T13:56:47.691Z
df9cdeb4-0e6a-4e6e-b3e7-e9fac1414226,2021-03-26T00:23:20.740Z,2022-04-26T01:12:31.279Z
df9edc4e-4c29-444f-a8da-3cead123db08,2022-07-08T04:24:50.150Z,2022-12-26T12:13:30.816Z
e00efc6f-0937-4d9f-bf8f-1262c08f9ac1,2022-04-03T00:55:27.061Z,2022-07-22T17:51:46.425Z
e08b39b3-5c8e-4054-be1b-c6aa64490fa1,2021-02-23T13:05:18.777Z,2022-07-04T12:23:25.515Z
e13ff7f5-43d1-44f0-a89f-b100815c3d06,2021-02-20T15:49:13.691Z,2022-03-01T22:45:06.129Z
e49bb76b-aeb5-4e8d-a3dd-2b0f913ef13d,2021-02-23T07:20:35.072Z,2022-04-05T13:25:32.446Z
e60d891a-896a-410c-a2c0-41b5ed2c5f45,2021-03-10T06:21:51.288Z,2021-08-08T07:21:06.251Z
e66a4ad1-9b1c-4b16-84de-41c14dcf8f93,2021-04-25T09:15:08.060Z,2021-12-15T23:00:37.095Z
ea2f829f-397e-49f4-9a8a-04de392ec2ab,2022-11-07T14:14:14.356Z,2022-11-07T17:37:13.508Z
eadf5e48-06e9-4377-8a1a-a535d206ed20,2022-09-05T09:25:07.583Z,2022-09-13T01:59:57.965Z
ededcc6c-ff9f-415e-9af1-d056b1e49ba4,2022-07-19T05:29:32.209Z,2022-09-23T07:25:45.261Z
ee76ca7b-c4cf-4a36-b2ca-4ed2bb518450,2022-04-22T05:58:59.897Z,2022-09-22T19:00:17.964Z
f2a23346-8402-40f6-b9ef-4f6f4265dda2,2022-11-27T17:50:41.467Z,2022-12-15T06:30:22.533Z
f2eb1159-895f-4fba-ab62-b1d4d5415be4,2022-11-13T08:49:53.710Z,2022-11-25T02:47:40.435Z
f828f288-2246-46e7-ad18-4b6c07497fc0,2022-09-22T01:24:07.219Z,2022-10-23T18:21:17.577Z
f9300442-266d-4e62-85c2-f15eb9277b79,2021-11-01T19:21:10.266Z,2021-12-30T17:55:46.469Z
f982dd3f-9282-4c62-9ad4-3880f830bd9a,2021-10-29T21:23:57.005Z,2022-05-27T07:06:31.316Z
fb77c6c1-49e2-4dd6-afb9-7b846faabb28,2022-10-21T16:48:31.267Z,2022-12-02T03:48:30.654Z
fccd35a0-2600-4e51-a364-3aec9ad2e636,2022-10-02T19:10:37.481Z,2022-11-16T17:39:46.131Z
fff24255-8e84-4b9b-b4ca-ed65655ae16a,2022-06-29T05:56:28.176Z,2022-09-10T01:00:00.206Z
